{
  "nll": 4.594733238220215,
  "perplexity": 98.96173281822772,
  "num_tokens": 1000,
  "teacher_logit_kl": 0.009562337771058083
}