{
  "nll": 4.596390247344971,
  "perplexity": 99.12584924616756,
  "num_tokens": 1000
}