{
  "nll": 5.553019046783447,
  "perplexity": 258.0153416164681,
  "num_tokens": 255,
  "teacher_logit_kl": 0.0004797413421329111
}