{
  "nll": 5.540465354919434,
  "perplexity": 254.7965426986749,
  "num_tokens": 255
}