{
  "method": "pca",
  "layer_index": 0,
  "rank": 8,
  "reconstruction_mse": {
    "0": 8.499811519868672e-05,
    "1": 8.823721873341128e-05,
    "2": 7.028436084510759e-05,
    "3": 6.476109410868958e-05
  }
}