{
  "method": "random",
  "layer_index": 0,
  "rank": 8,
  "seed": 0,
  "reconstruction_mse": {
    "0": 0.0014090206241235137,
    "1": 0.0009104688069783151,
    "2": 0.0012512394459918141,
    "3": 0.0011506787268444896
  }
}