{
  "nll": 4.602402210235596,
  "perplexity": 99.72358515602701,
  "num_tokens": 1000,
  "teacher_logit_kl": 0.013410840183496475
}