{
  "nll": 4.594474792480469,
  "perplexity": 98.93615988473316,
  "num_tokens": 1000,
  "teacher_logit_kl": 0.010774410329759121
}