{
  "nll": 4.607729434967041,
  "perplexity": 100.25625266521486,
  "num_tokens": 1000,
  "teacher_logit_kl": 0.008573988452553749
}