{
  "nll": 4.601233959197998,
  "perplexity": 99.60715099960011,
  "num_tokens": 1000,
  "teacher_logit_kl": 0.007668979465961456
}