{
  "nll": 4.602211952209473,
  "perplexity": 99.70461374834584,
  "num_tokens": 1000,
  "teacher_logit_kl": 0.012270012870430946
}