{
  "nll": 4.598784446716309,
  "perplexity": 99.36346062311793,
  "num_tokens": 1000,
  "teacher_logit_kl": 0.004980253521353006
}