{
  "nll": 4.614050388336182,
  "perplexity": 100.89197483170204,
  "num_tokens": 1000,
  "teacher_logit_kl": 0.010995686054229736
}