{
  "nll": 4.593414783477783,
  "perplexity": 98.83134222820857,
  "num_tokens": 1000,
  "teacher_logit_kl": 0.008893104270100594
}