{
  "nll": 4.590007305145264,
  "perplexity": 98.49514968069441,
  "num_tokens": 1000,
  "teacher_logit_kl": 0.008264994248747826
}