{
  "nll": 4.62681770324707,
  "perplexity": 102.18835246757064,
  "num_tokens": 1000,
  "teacher_logit_kl": 0.012911881320178509
}