{
  "nll": 4.60641622543335,
  "perplexity": 100.12468160749447,
  "num_tokens": 1000,
  "teacher_logit_kl": 0.009577823802828789
}