{
  "nll": 4.601471424102783,
  "perplexity": 99.63080701085322,
  "num_tokens": 1000,
  "teacher_logit_kl": 0.011972293257713318
}