{
  "nll": 4.6009321212768555,
  "perplexity": 99.57709032116603,
  "num_tokens": 1000,
  "teacher_logit_kl": 0.012915223836898804
}