{
  "nll": 4.595913410186768,
  "perplexity": 99.07859362542189,
  "num_tokens": 1000,
  "teacher_logit_kl": 0.01022837869822979
}