{
  "nll": 4.5957183837890625,
  "perplexity": 99.05927256833675,
  "num_tokens": 1000,
  "teacher_logit_kl": 0.008530175313353539
}