{
  "nll": 4.60123348236084,
  "perplexity": 99.60710350322061,
  "num_tokens": 1000,
  "teacher_logit_kl": 0.007668976206332445
}