{
  "nll": 4.597528457641602,
  "perplexity": 99.23873954270312,
  "num_tokens": 1000,
  "teacher_logit_kl": 0.005978166591376066
}