{
  "nll": 4.60508918762207,
  "perplexity": 99.99190049142581,
  "num_tokens": 1000,
  "teacher_logit_kl": 0.00889795832335949
}