{
  "nll": 4.587263584136963,
  "perplexity": 98.22527686645506,
  "num_tokens": 1000,
  "teacher_logit_kl": 0.006927497684955597
}