{
  "nll": 4.60347843170166,
  "perplexity": 99.83096759232168,
  "num_tokens": 1000,
  "teacher_logit_kl": 0.012392351403832436
}