{
  "nll": 4.603592395782471,
  "perplexity": 99.8423453850973,
  "num_tokens": 1000,
  "teacher_logit_kl": 0.012633644044399261
}