{
  "nll": 4.626472473144531,
  "perplexity": 102.15308006106854,
  "num_tokens": 1000,
  "teacher_logit_kl": 0.01290368102490902
}