{
  "nll": 4.59657096862793,
  "perplexity": 99.14376501564938,
  "num_tokens": 1000,
  "teacher_logit_kl": 0.010298540815711021
}