{
  "nll": 4.622008800506592,
  "perplexity": 101.69811830828438,
  "num_tokens": 1000,
  "teacher_logit_kl": 0.015264495275914669
}