{
  "nll": 4.607726573944092,
  "perplexity": 100.2559658301855,
  "num_tokens": 1000,
  "teacher_logit_kl": 0.010284807533025742
}