{
  "nll": 4.604475021362305,
  "perplexity": 99.93050769451614,
  "num_tokens": 1000,
  "teacher_logit_kl": 0.01268676109611988
}