{
  "nll": 4.607974529266357,
  "perplexity": 100.28082791271744,
  "num_tokens": 1000,
  "teacher_logit_kl": 0.008637490682303905
}